name	paperCount	firstYear
Abanos, S	3	2023
Abbott, T	4	2024
Abedian, S	5	2024
Abellan, A	4	2024
Abeysinghe, R	3	2022
Abolina, I	3	2024
Abrahamsen, B	4	2020
Abrahao, M	5	2020
Adam, A	2	2024
Adams, M	2	2025
Adams, W	3	2022
Adekkanattu, P	2	2019
Adibuzzaman, M	3	2025
Ahmadi, N	6	2021
Ahmed, W	9	2021
Ahn, E	3	2016
Ahn, S	6	2021
Aizenstein, H	2	2020
Akbari, A	2	2022
Al-Shukri, S	2	2020
Albers, D	3	2017
Alberti, A	2	2024
Albogami, Y	2	2023
Alcalde-Herraiz, M	4	2025
Alghoul, H	13	2020
Ali, S	2	2022
Allakhverdiiev, E	2	2021
Alloni, A	4	2021
Almeida, J	7	2021
Alonso, J	2	2024
Alonso, S	2	2021
Alser, O	13	2020
Alshammari, T	27	2020
Álvarez, E	2	2024
Álvarez-Lacalle, E	2	2021
Alvarez-Romero, C	2	2026
Amadi, D	5	2024
Amigo, F	2	2024
Aminorroaya, A	7	2023
Amor, B	4	2021
Amutha, A	3	2021
Anand, A	5	2021
Anand, T	5	2024
Ancker, J	2	2019
Andeso, P	4	2024
Andreescu, C	2	2020
Andryc, A	2	2022
Anzalone, A	2	2022
Aragon, M	10	2020
Areaux, R	2	2025
Areia, C	16	2020
Arensman, E	2	2024
Argyriou, G	2	2020
Arinze, J	3	2024
Armbrust, K	2	2025
Arshad, F	7	2021
Asch, D	5	2022
Asiimwe, A	3	2022
Asselbergs, F	2	2021
Austin, C	2	2021
Averitt, A	2	2020
Avilés-Jurado, F	4	2021
Avillach, P	2	2016
Aziz, K	3	2025
Bacci, S	3	2024
Bae, J	4	2025
Baek, H	11	2020
Baghal, A	2	2020
Bagyura, Z	3	2023
Bahroos, N	2	2023
Bailey, L	6	2014
Bakhshi-Raiez, F	3	2022
Balaur, I	2	2024
Banda, J	20	2016
Barasa, M	2	2026
Barbarini, N	2	2021
Barboza, C	4	2024
Barchuk, A	2	2026
Barclay, N	7	2024
Bardenheuer, K	3	2022
Barkmeier, A	3	2025
Barletta, V	2	2016
Barnard, J	2	2016
Bartos, M	2	2022
Barzdina, E	3	2024
Bate, A	7	2013
Bathelt, F	17	2021
Bauck, A	3	2016
Baumgartner, M	2	2024
Baumgartner, W	3	2023
Baxter, R	2	2022
Baxter, S	9	2023
Bazakou, S	2	2022
Beaton, M	3	2021
Becich, M	5	2021
Beck, J	2	2025
Beggs, J	2	2022
Belenkaya, R	5	2019
Bell, D	3	2014
Bellas, L	2	2024
Bellentani, M	3	2016
Benichou, J	3	2020
Bennett, T	7	2021
Benoit, B	3	2019
Bergin, C	3	2024
Bergquist, T	2	2021
Berlin, J	12	2013
Berman, L	4	2024
Bernarding, J	2	2018
Bertolin, S	2	2021
Beuscart, J	3	2020
Beyer, K	3	2024
Beyer, S	2	2024
Bhargav, M	2	2024
Bhattacharjee, T	7	2023
Bian, J	10	2020
Biedermann, P	3	2020
Bierma-Zeinstra, S	2	2022
Birch, R	2	2020
Bissell, M	4	2021
Bjartell, A	4	2024
Bjureberg, J	2	2024
Black, A	4	2022
Blacketer, C	32	2019
Blaisure, J	2	2017
Blasini, R	6	2020
Blau, H	2	2022
Blecker, S	3	2025
Blin, P	3	2020
Boeker, M	3	2018
Bohn, J	3	2025
Boland, M	16	2015
Bonù, M	2	2019
Boo, D	5	2022
Borghetti, P	2	2019
Borkowetz, A	2	2024
Boscá, D	3	2023
Bouissou, O	2	2025
Bouzillé, G	3	2022
Bowring, M	3	2023
Boyce, R	6	2014
Boyle, D	2	2024
Bracons Cucó, G	4	2023
Bradford, R	2	2020
Bradley, D	2	2022
Bradwell, K	4	2021
Brand, M	6	2021
Brandt, E	2	2017
Brandt, P	2	2019
Brash, J	12	2023
Bratseth Stav, G	2	2026
Bräuner, E	2	2026
Bräuner, K	3	2022
Breant, S	2	2020
Bremer, C	2	2021
Briganti, A	2	2024
Brolin, K	3	2024
Brooks, I	2	2022
Brown, E	3	2025
Brown, J	7	2015
Brusselle, G	2	2024
Bruun, S	2	2026
Bu, F	15	2023
Bunnell, H	3	2022
Buresh, J	2	2022
Burkard, T	9	2019
Burn, E	46	2019
Burrows, E	2	2017
Butler, A	8	2018
Butte, A	3	2019
Byford, R	2	2020
Cai, C	8	2023
Callahan, A	5	2018
Callahan, T	9	2016
Campi, R	2	2024
Campion, T	2	2020
Camprubi, M	2	2025
Candore, G	2	2020
Cappelletti, L	2	2022
Carrell, D	2	2019
Carroll, R	7	2017
Carter, W	3	2021
Carus, J	3	2023
Casajust, P	12	2020
Casiraghi, E	3	2022
Castano, V	2	2022
Català, M	21	2021
Cave, A	2	2020
Cepeda, M	6	2018
Ceusters, W	2	2017
Cha, J	15	2021
Chae, S	2	2020
Chai, Y	7	2021
Chakrabarti, S	2	2016
Chan You, S	4	2021
Chan, E	2	2024
Chang, D	4	2021
Chang, H	2	2020
Chang, J	3	2022
Chang, T	2	2024
Charamel, C	2	2026
Chattopadhyay, S	2	2024
Chazard, E	2	2020
Chen, A	4	2025
Chen, C	2	2024
Chen, E	2	2025
Chen, F	3	2025
Chen, H	5	2024
Chen, J	15	2020
Chen, L	3	2025
Chen, R	12	2019
Chen, W	2	2020
Chen, X	7	2022
Chen, Y	29	2020
Chen, Z	5	2021
Cheong, J	4	2021
Chia-Cheng Lai, E	2	2018
Chilelli, A	2	2024
Cho, D	3	2026
Cho, J	15	2017
Cho, M	3	2023
Cho, S	9	2016
Cho, W	2	2021
Cho, Y	3	2021
Choi, B	10	2022
Choi, H	6	2022
Choi, I	6	2022
Choi, J	15	2016
Choi, S	15	2020
Choi, W	2	2023
Choi, Y	4	2020
Chrischilles, E	3	2025
Christakis, D	6	2025
Chu, H	2	2024
Chui, C	2	2023
Chung, E	2	2024
Chung, J	2	2020
Chung, W	2	2022
Chung, Y	5	2021
Chute, C	12	2021
Chuter, A	2	2022
Chytas, A	4	2023
Cimino, J	5	2013
Cisneros, M	3	2024
Claire, R	3	2023
Clark, E	3	2024
Clausen, J	2	2022
Clusa Cuesta, L	3	2024
Cohen, J	2	2025
Cohet, C	2	2022
Colborn, K	2	2020
Cole, C	2	2022
Coleman, B	3	2022
Collins, G	2	2022
Coloma, P	5	2012
Coma, E	2	2021
Conde, S	2	2024
Conover, M	11	2020
Cook, J	2	2025
Cook, M	4	2023
Cooper, C	2	2020
Coppi, A	2	2026
Corby, G	3	2024
Cornet, R	7	2022
Cornford, P	4	2024
Costa, M	2	2025
Cowell, L	3	2025
Cox, S	2	2022
Craig, R	2	2020
Craiu, M	2	2024
Creanga, A	2	2025
Cremonesi, F	2	2023
Cricelli, I	2	2016
Cruz-Correia, R	2	2024
Cuccu, Z	3	2023
Cuggia, M	6	2022
Cui, L	4	2022
Culhane, A	3	2020
Ćwiek-Kupczyńska, H	2	2024
D'Agostino, R	3	2021
Dabelea, D	3	2021
Dahm, L	2	2014
Dal Co, G	2	2016
Daniel, C	4	2020
Danilovic, A	2	2023
Datta, D	2	2019
Davidson, B	2	2015
Davies, E	2	2024
Dávila-García, D	2	2025
Davis, K	2	2025
Davydov, A	8	2020
Dawoud, D	11	2021
Daza, J	2	2023
De Gaetano Donati, K	2	2024
de Groot, R	4	2023
De Keizer, N	6	2022
de Lusignan, S	3	2018
de Maeztu, G	2	2021
De Meulder, B	3	2024
de Ridder, M	3	2022
de Wilde, M	5	2020
Declerck, J	2	2026
Dedman, D	6	2020
Deer, R	2	2022
Defalco, F	22	2013
Dekker, A	2	2024
Delange, B	7	2024
Dellavalle, R	2	2022
Delmestri, A	36	2019
Delseny, D	3	2024
Denaxas, S	6	2021
Denny, J	7	2017
Denton, J	2	2015
Dernie, F	2	2023
Desai, M	2	2017
Desai, P	6	2023
Dewey, B	3	2024
Dhingra, L	7	2023
Dhruva, S	2	2019
Didden, E	4	2021
Dikilitas, O	2	2019
Dimitriadis, V	2	2021
Ding, X	2	2024
DiPalazzo, J	2	2022
Dobbins, N	2	2020
Dobson, R	2	2021
Dongelmans, D	2	2023
Donsa, K	2	2024
Dorajoo, S	2	2022
Dorr, D	10	2022
Doutreligne, M	2	2020
Drakos, I	3	2021
Droz-Perroteau, C	3	2020
Du, M	6	2023
Duan, R	5	2020
Duarte-Salles, T	63	2019
Duclos, C	2	2024
Dudley, J	6	2018
Duftschmid, G	7	2023
Duke, J	13	2013
Dumontier, M	2	2014
DuMouchel, W	7	2013
DuVall, S	29	2019
Dymshyts, D	7	2019
Ebert, M	2	2023
Eckardt, J	2	2024
Eckrich, D	2	2017
Edmondson, M	3	2022
El Ghosh, M	2	2024
El-Hay, T	3	2024
Elbers, P	2	2023
Elhadad, N	3	2017
Elovici, Y	2	2016
Elvidge, J	2	2023
Enerly, E	2	2026
Englund, M	3	2022
Ernst, M	3	2020
Erpenbeck, M	2	2019
Espinoza, J	3	2021
Esposito, C	2	2025
Evans, L	3	2016
Evans-Axelsson, S	5	2024
Evers, J	3	2026
Facchinello, C	2	2024
Fagereng, G	2	2026
Falconer, T	42	2020
Fan, R	5	2024
Fang, Y	4	2022
Farmaki, A	2	2025
Farrell, A	2	2021
Feng, M	2	2021
Feng, Y	2	2018
Ferguson, L	3	2024
Fernandez, S	2	2025
Fernandez-Bertolin, S	18	2020
Ferrer, M	2	2024
Fey, E	3	2025
Fife, D	8	2014
Fina, F	2	2021
Finster, M	2	2025
Fischer, P	2	2020
Fišter, K	2	2020
Fleming, C	3	2024
Florescu, S	3	2024
Flowers, A	2	2025
Flygare, O	2	2024
Fontana, T	2	2022
Forrest, C	12	2014
Fort, D	3	2022
Fortin, S	11	2021
Fouladvand, S	2	2023
Fraboulet, C	2	2022
Franceschini, D	2	2019
Francesconi, P	2	2016
Frazier, R	2	2019
Freedman, A	2	2019
French, M	2	2024
French, T	3	2020
Frid, S	4	2023
Fridgeirsson, E	13	2022
Friedman, C	3	2014
Fruchart, M	2	2022
Furniss, D	3	2020
Gabetta, M	3	2021
Gabriel, D	6	2014
Gadiya, Y	2	2024
Gagne, J	3	2020
Gainer, V	2	2019
Gaio, V	3	2024
Gall, W	3	2018
Gan, S	3	2024
Gandaglia, G	4	2024
Ganslandt, T	4	2018
Gao, S	2	2018
Garcia Morales, M	2	2023
Garza, M	2	2016
Gasman, S	2	2024
Ge, J	3	2021
Gebler, R	3	2024
Gelderblom, H	2	2026
Gersing, K	2	2021
Giacomini, M	3	2025
Giangreco, N	4	2019
Giannini, J	5	2024
Gil Rojas, J	2	2023
Gilbert, J	7	2023
Gini, R	5	2012
Girvin, A	6	2021
Giuliodori, A	4	2026
Glicksberg, B	3	2019
Goetz, K	7	2023
Gögenur, I	5	2021
Gögenur, M	3	2022
Gold, S	2	2018
Golozar, A	29	2020
Gómez Rivas, J	2	2024
Gong, G	2	2026
Gong, M	8	2021
Gradinger, T	2	2019
Gratton, J	2	2024
Gravele, D	3	2024
Greenfield, J	6	2023
Gregory, A	2	2024
Gribbon, P	3	2024
Griffier, R	4	2020
Griffon, N	2	2020
Gruber, S	3	2013
Gruendner, J	2	2019
Gruhl, M	5	2020
Gu, Y	2	2024
Guarner-Argente, C	3	2024
Guinney, J	3	2021
Gulden, C	4	2019
Gundler, C	3	2023
Günster, C	3	2023
Günther, A	2	2021
Guo, J	5	2018
Guo, Y	9	2019
Gupta, A	2	2020
Gupta, S	2	2022
Gurley, M	4	2019
Gut, I	2	2024
Haberson, A	2	2019
Haendel, M	12	2021
Hafeez, H	2	2023
Hague, C	2	2022
Hajagos, J	3	2021
Halfpenny, W	4	2023
Hall, C	2	2022
Hall, N	2	2024
Hallaj, S	2	2025
Hallinan, C	2	2024
Halvorsen, L	3	2022
Halvorson, A	2	2021
Hamman, R	3	2021
Han, C	4	2023
Han, K	2	2023
Han, M	3	2023
Han, S	2	2023
Han, Y	3	2023
Hanauer, D	2	2020
Hanchrow, E	3	2019
Hardin, J	12	2019
Harms, A	2	2024
Harpaz, R	4	2013
Hartzema, A	10	2010
Hauben, M	2	2016
Haug, M	4	2023
Haverkamp, C	2	2018
Hayati, S	3	2024
Hayes, J	2	2024
Haynes, K	4	2023
He, X	5	2022
He, Y	5	2019
Heider, P	4	2019
Héja, T	3	2023
Helland, Å	2	2026
Henke, E	17	2022
Herings, R	2	2012
Hernandez-Boussard, T	3	2018
Herring, S	2	2025
Hester, L	5	2019
Hijazy, A	4	2024
Hilka, M	2	2020
Hilton, C	2	2022
Hinske, L	3	2025
Hobbs, F	2	2020
Hockett, C	3	2021
Hoffmann, K	2	2024
Hogarth, M	2	2014
Holmes, J	3	2020
Holub, P	2	2024
Hong, N	8	2018
Hong, S	8	2021
Höning, G	2	2018
Horban, S	6	2022
Hornig, M	2	2025
Horvitz, E	2	2014
Houghtaling, J	3	2022
Hovig, E	2	2026
Hribar, M	7	2023
Hripcsak, G	121	2013
Hruby, G	2	2017
Hsu, J	7	2022
Hsu, M	5	2022
Hu, J	2	2025
Hu, Y	2	2022
Huang, C	2	2024
Huang, M	2	2020
Huang, Y	3	2024
Hubbard, R	2	2015
Hudson, C	2	2025
Hughes, N	6	2019
Hulsen, T	2	2024
Humes, I	3	2025
Humphreys, K	2	2024
Hurley, R	2	2025
Hurwitz, N	2	2016
Husain, S	2	2018
Huser, V	16	2013
Hussein, R	12	2023
Hwang, G	2	2025
Hwang, H	7	2020
Hwang, K	2	2023
Hwang, S	3	2025
Hyeon, D	2	2026
Iddi, S	2	2026
Im, Y	5	2021
Imran Omar, M	2	2024
Innocenti, F	2	2012
Inoue, S	2	2024
Ioannou, S	3	2022
Iqbal, U	3	2018
Islam, M	4	2022
Isom, S	3	2021
Itzel, T	2	2023
Jang, J	8	2022
Jang, S	2	2024
Janssens, A	2	2026
Javaid, M	2	2020
Jayathissa, P	2	2024
Jefferson, E	3	2022
Jensen, E	3	2021
Jeon, H	6	2020
Jeon, J	4	2023
Jeon, K	5	2024
Jeon, Y	4	2020
Jeong, C	10	2022
Jeong, E	2	2021
Jezidžić, A	2	2026
Jhaveri, R	7	2024
Ji, H	2	2020
Ji, X	2	2021
Jiang, G	14	2017
Jiang, X	5	2021
Jin, H	2	2021
Jin, P	4	2017
Jin, S	2	2018
Jing, N	2	2024
Jo, S	5	2021
Jo, Y	3	2024
Jödicke, A	15	2023
John, L	12	2019
Johnson, K	2	2018
Johnson, S	4	2016
Johnston, S	2	2019
Jones, N	2	2020
Jonnagaddala, J	10	2018
Jonsson, P	2	2021
Joo, H	8	2020
Joo, S	2	2024
Joo, Y	2	2022
Josefsson, A	2	2024
Joss, M	2	2018
Jouned, A	2	2025
Joy, M	2	2020
Jung, C	6	2020
Jung, H	4	2022
Jung, K	4	2018
Jung, S	8	2017
Kaas-Hansen, B	5	2020
Kaczmarczyk, I	2	2026
Kadengye, D	2	2024
Kaduk, D	3	2020
Kahn, M	19	2012
Kallfelz, M	4	2022
Kalokyri, V	3	2023
Kamijima, Y	3	2018
Kang, B	2	2021
Kang, D	3	2023
Kang, H	2	2025
Kang, J	3	2025
Kang, M	3	2021
Kang, S	3	2021
Kang, T	4	2017
Kanjala, C	2	2024
Kanter, A	2	2023
Kao Yang, Y	2	2018
Kapsner, L	3	2019
Karim, H	2	2020
Karlebach, G	2	2022
Kaspar, M	3	2025
Katsch, F	8	2023
Kawakami, Y	2	2024
Kelleher, K	2	2024
Kenny, C	3	2024
Kent, S	3	2020
Kern, D	9	2020
Kerner, B	3	2016
Khalid, S	14	2020
Khan, H	2	2023
Khare, R	4	2016
Khera, R	10	2022
Khosla, S	2	2020
Kiefer, R	4	2017
Kim, B	10	2022
Kim, C	29	2020
Kim, D	11	2016
Kim, E	5	2021
Kim, G	4	2021
Kim, H	21	2013
Kim, I	4	2022
Kim, J	72	2016
Kim, K	29	2014
Kim, M	20	2021
Kim, S	51	2020
Kim, T	4	2020
Kim, W	6	2022
Kim, Y	34	2019
Kimura, E	2	2024
Kimura, S	3	2018
Kingsbury, P	2	2019
Kiragga, A	7	2024
Kiryluk, K	2	2018
Kiss, L	2	2026
Kiwuwa-Muyingo, S	4	2023
Kizilaslan, B	2	2024
Klann, J	5	2018
Klazinga, N	3	2016
Knoll, C	6	2015
Ko, G	3	2021
Ko, S	6	2022
Ko, Y	2	2020
Kohler, S	4	2023
Kolde, R	20	2022
Kolovos, S	4	2019
Kondylakis, H	3	2023
Korntheuer, R	2	2023
Kors, J	18	2022
Korsik, V	2	2021
Kosa, A	3	2024
Kostka, K	33	2020
Kotik, D	2	2024
Kramarz, P	2	2024
Kraska, D	2	2019
Krastev, E	4	2023
Krasteva, R	2	2024
Kreiner, K	3	2024
Kremer, A	3	2024
Krievins, D	3	2024
Kringelbach, T	2	2026
Krumholz, H	17	2019
Kubota, K	3	2018
Kullo, I	2	2019
Kurz, X	2	2020
Kwag, S	2	2026
Kwak, M	3	2021
Kwak, S	2	2026
Kwon, J	2	2022
Kwon, S	3	2022
Kwon, Y	3	2021
Kwong, M	2	2019
Kyriacou, A	2	2026
Labarga, A	4	2024
Lai, A	3	2025
Lai, J	3	2021
Lai, L	16	2021
Lam, I	2	2024
Lambert, C	8	2014
Lamer, A	8	2020
Lane, J	13	2020
Lapi, F	2	2016
Larsen, R	3	2019
Lassalle, R	3	2020
Latorre Moreno, L	2	2024
Latorre-Millán, M	3	2024
Lau, W	9	2023
Laur, S	4	2022
Lauschensky, A	3	2024
Lautenbach, E	2	2022
Lavallee, M	2	2022
Lawrence, J	3	2021
Lazar, M	3	2024
Le Carrour, T	2	2022
Lea, D	2	2022
Lee, A	5	2021
Lee, C	5	2022
Lee, D	25	2020
Lee, E	6	2020
Lee, G	2	2023
Lee, H	22	2020
Lee, J	22	2020
Lee, K	20	2021
Lee, L	2	2025
Lee, M	3	2025
Lee, N	3	2019
Lee, S	47	2017
Lee, Y	22	2021
Leese, P	2	2023
Lehmann, H	6	2021
Lehtonen, T	2	2026
Lei, Y	4	2025
Leis, A	5	2024
Leng, T	3	2025
Leprovost, D	2	2020
Leutner, L	2	2021
Levine, M	2	2018
Li, C	3	2023
Li, H	2	2025
Li, J	15	2020
Li, K	5	2022
Li, L	12	2018
Li, R	2	2020
Li, X	23	2013
Li, Y	7	2015
Li, Z	2	2019
Liang, C	5	2020
Liaw, S	8	2016
Libanati, C	2	2020
Lim, G	2	2026
Lim, H	3	2020
Lim, J	2	2023
Lim, S	2	2021
Lim, Y	2	2020
Lin, A	3	2023
Lin, H	2	2018
Lin, V	2	2022
Lin, X	3	2023
Lingren, T	2	2019
Litwin, T	3	2025
Liu, C	8	2019
Liu, F	4	2021
Liu, H	13	2018
Liu, J	3	2022
Liu, L	2	2021
Liu, M	3	2013
Liu, Q	2	2013
Liu, S	3	2020
Liu, Y	4	2018
Liyanage, H	2	2018
Lohur, L	3	2024
Londhe, A	2	2015
Lõo, M	2	2023
Loomba, J	2	2022
López, M	2	2025
López-Blasco, R	3	2024
Lopez-Güell, K	8	2023
López-Sánchez, I	3	2026
Lorberbaum, T	3	2015
Lorman, V	2	2024
Loste, C	3	2024
Lovestone, S	2	2020
Lozano-Rubí, R	2	2023
Lu, Y	24	2018
Luc Baudoin, F	2	2026
Luo, C	5	2020
Luo, H	3	2023
Luo, Y	4	2019
Lupattelli, A	2	2024
Lymperidou, A	2	2024
Lynch, K	19	2019
Lyu, T	3	2022
Ma, Q	2	2015
Macdonald, C	2	2022
Machado, A	4	2022
Macho, P	2	2024
Madhira, V	2	2021
Madigan, D	41	2011
Madlock-Brown, C	3	2021
Magrini, S	2	2019
Maier, C	3	2018
Mailosi, D	2	2024
Majeed, R	3	2020
Makadia, R	14	2014
Maljković, F	5	2022
Man, K	15	2018
Man, W	16	2024
Manna, A	5	2021
Manuel, W	2	2025
Markov, E	2	2023
Markus, A	9	2021
Marquardt, K	3	2018
Marsolo, K	2	2014
Marti, E	2	2022
Martin Agudo, M	2	2026
Martin, B	9	2023
Martinez Roldan, J	3	2021
Martínez, Á	6	2022
Martínez-González, J	2	2024
Martinez-Hernandez, E	2	2021
Masood, E	2	2022
Masuy, I	2	2026
Matcho, A	4	2014
Mate, S	3	2019
Mateu, L	4	2024
Matheny, M	31	2014
Mathew, J	2	2022
Mathew, S	3	2020
Mathioudakis, N	6	2023
Mayer, C	2	2023
Mayer, M	18	2022
Mayer-Davis, E	3	2021
Mayrhuber, E	2	2026
Mazurie, A	2	2016
Mazzaglia, G	3	2012
Mbatchou Ngahane, B	2	2026
McClay, J	2	2022
McCoy, D	3	2025
McGrath, J	3	2024
McLean, C	2	2026
McLeggon, J	4	2024
McLemore, M	2	2023
McMahan, G	2	2022
McMurry, J	6	2021
Medina, M	2	2020
Meeker, D	10	2013
Mehlum, L	2	2024
Mehta, N	2	2024
Mehta, P	5	2020
Meininger, G	2	2019
Meléndez-Cardiel, J	2	2024
Mentch, F	2	2019
Mercadé-Besora, N	10	2024
Mercier, G	3	2024
Mészáros, Á	3	2023
Meyer-Eschenbach, F	2	2026
Meystre, S	4	2019
Michel-Backofen, A	3	2020
Milagro, A	3	2024
Miller, R	3	2020
Miller, T	3	2020
Milligan, G	2	2022
Minty, E	23	2016
Miotto, R	2	2018
Miron, V	2	2024
Modre-Osprian, R	2	2024
Moffitt, R	8	2021
Mohan, S	3	2018
Mohan, V	3	2021
Moinat, M	7	2021
Molina-Porcel, L	2	2026
Molinaro, A	3	2020
Momanyi, R	2	2024
Moon, J	3	2020
Moon, K	2	2022
Mooney, S	3	2018
Moore, J	4	2020
Moore, N	3	2020
Mooses, K	4	2023
Mora, N	2	2020
Morales, D	29	2019
Morgan Stewart, H	2	2020
Morgan-Cooper, H	5	2025
Morgan-Stewart, H	2	2020
Morhart, M	3	2025
Morris, A	2	2022
Morris, C	2	2022
Morris, J	4	2025
Morris, M	3	2021
Morse, K	2	2025
Mortier, P	2	2024
Mosa, A	7	2023
Moscetti, L	2	2025
Moskovitch, R	4	2016
Mosseveld, M	12	2020
Moussa, M	2	2021
Muehlendyck, C	2	2024
Mugotitsa, B	2	2024
Mumtaz, S	2	2022
Mun, Y	3	2021
Mungall, C	2	2022
Muñoz-Almagro, C	3	2024
Murgia, Y	2	2025
Murphy, S	8	2018
Murray, G	2	2022
Murray, M	2	2019
Murri, R	2	2024
Muylle, K	2	2026
Myers, J	2	2025
N'Dow, J	5	2024
Nagy, P	19	2023
Nardone, A	3	2024
Nassirian, A	2	2020
Natarajan, K	26	2018
Natsiavas, P	8	2021
Nelson, S	2	2018
Nesterow, I	2	2024
Nestor, J	3	2022
Nestsiarovich, A	3	2018
Neururer, S	2	2024
Newby, D	14	2020
Ngiam, K	2	2020
Nguyen, P	7	2018
Nicoletti, R	4	2024
Niehaus, E	3	2022
Nishimura, A	17	2022
Nissim, N	2	2016
Noble, J	2	2026
Noh, C	2	2026
Noll, R	2	2023
Nordeng, H	7	2024
Norén, G	5	2013
Norris, R	2	2024
Nyberg, F	20	2020
O'Brien, W	2	2025
Ochola, M	6	2024
Oh, J	3	2020
Oh, S	7	2019
Ohno-Machado, L	5	2014
Oja, M	11	2023
Okajima, A	2	2024
Oliveira, J	8	2016
Omenn, G	2	2020
Onana Akoa, F	2	2026
Ong, T	5	2016
Orhan, A	2	2021
Oskotsky, B	2	2019
Ostchega, Y	4	2024
Ostropolets, A	49	2020
Ottman, R	2	2022
Overhage, J	8	2010
Oyinlola, J	3	2024
Pace, W	3	2014
Pacheco, J	5	2019
Pacurariu, A	2	2024
Paeng, J	3	2022
Pajor, N	3	2023
Pajusalu, M	3	2023
Palchuk, M	5	2021
Palomar-Cros, A	5	2026
Pan, G	2	2017
Pan, Y	2	2025
Panagi, V	2	2022
Pandya, S	2	2026
Pang, C	2	2021
Papez, V	5	2021
Paradinha, R	2	2025
Paredes, R	4	2024
Paris, N	3	2020
Park, B	4	2020
Park, C	11	2020
Park, D	5	2016
Park, E	6	2021
Park, G	2	2024
Park, H	11	2016
Park, J	28	2020
Park, K	10	2021
Park, M	9	2016
Park, R	80	2015
Park, S	26	2020
Park, T	4	2021
Park, W	3	2024
Park, Y	12	2019
Parra-Calderón, C	2	2026
Parrot, A	4	2020
Parry, R	3	2024
Pasqua, A	2	2016
Pastor Duran, X	2	2023
Pastor, M	2	2024
Patel, A	2	2023
Patel, L	2	2020
Patel, S	2	2023
Pathak, J	3	2019
Patterson, J	3	2023
Payne, P	2	2021
Payralbe, S	2	2021
Pedersen, L	2	2012
Pedroso, A	2	2025
Peissig, P	2	2017
Pellegrino, F	2	2024
Peltonen, L	3	2024
Peng, Y	17	2021
Pénichon, M	3	2020
Pera, V	6	2022
Pérez-Crespo, L	5	2024
Perkins, D	3	2016
Perkins, M	2	2025
Perotte, A	4	2016
Pfaff, E	11	2021
Pfeifer, B	2	2024
Pfohl, S	3	2020
Phan, T	2	2024
Phuong, J	4	2021
Picelli, G	2	2012
Pihoker, C	2	2021
Pineda-Moncusí, M	7	2024
Pistillo, A	15	2021
Pletcher, M	2	2021
Politi, J	2	2026
Polubriaginof, F	3	2017
Popescu, C	3	2024
Popoff, B	5	2021
Porkka, K	3	2026
Posada, J	16	2020
Prats, C	5	2021
Prats-Uribe, A	33	2019
Pratt, N	29	2015
Praveen, P	3	2021
Prieto Alhambra, D	3	2024
Prieto-Alhambra, D	101	2019
Prinsen, P	5	2024
Prokosch, H	10	2018
Prud'hommeaux, E	3	2017
Puente, D	2	2021
Puttmann, D	4	2022
Qian, Z	2	2021
Qin, P	2	2024
Quinlan, P	2	2022
Qureshi, N	4	2021
Racoosin, J	3	2010
Rajwa, P	3	2024
Ramcharran, D	3	2017
Ramirez, A	2	2021
Ramírez-Anguita, J	17	2022
Rance, B	2	2023
Rao, G	19	2020
Rao, S	4	2025
Rappoport, N	4	2019
Rasmussen, L	6	2019
Rassen, J	3	2020
Raventós, B	7	2022
Razzaghi, H	4	2017
Recalde, M	10	2021
Rees, J	2	2020
Reese, J	3	2022
Reeves, R	4	2020
Reich, C	66	2010
Reinecke, I	17	2020
Reisberg, S	8	2022
Rekkas, A	7	2022
Remmers, S	3	2024
Reps, J	48	2015
Reyes, C	14	2021
Rhee, H	3	2022
Rhee, S	15	2022
Rhie, S	3	2024
Rho, Y	4	2020
Ribal, M	3	2024
Richter, L	3	2023
Rijnbeek, P	91	2014
Rinner, C	3	2018
Rivera, D	4	2021
Robert, S	2	2026
Robinson, A	2	2024
Robinson, D	2	2019
Robinson, P	4	2021
Rodrigues, J	2	2025
Roel, E	11	2021
Rogers, J	4	2019
Roh, J	3	2019
Roh, Y	2	2021
Rohatsch, L	3	2024
Roobol, M	3	2024
Rosen, A	5	2022
Rosenberg, M	2	2020
Rosenthal, N	4	2018
Ross, E	3	2019
Ross, J	4	2019
Rouhizadeh, M	2	2021
Rowlands, E	2	2026
Rubin, K	2	2020
Ruddy, K	4	2019
Rudrapatna, V	2	2019
Rueda, M	3	2022
Ruhm, L	2	2026
Ruhnke, T	2	2023
Runhaar, J	2	2022
Rusanov, A	2	2017
Rutter, J	2	2021
Ryan, P	199	2010
Ryoo, H	3	2022
Ryu, B	8	2020
Sacchi, L	2	2021
Salmasian, H	2	2018
Saltz, J	3	2021
Salvador, G	2	2025
Sanchez, C	2	2026
Santos, R	3	2022
Sanz, F	3	2024
Särg, D	2	2023
Sarkar, I	3	2022
Sathappan, S	3	2020
Sato, A	3	2024
Sauermann, S	4	2024
Savulescu, C	3	2024
Sawano, M	2	2025
Sawano, S	2	2025
Schaaf, J	3	2023
Schilling, L	16	2014
Schmidt, T	2	2024
Schneider, H	2	2023
Schreier, G	3	2024
Schuemie, M	128	2011
Schuff, R	2	2022
Schuler, A	2	2018
Schulz, W	2	2026
Schüttler, J	2	2018
Schwenk, H	3	2025
Schwinn, J	3	2025
Seager, S	16	2020
Sedlmayr, M	32	2018
Seinen, T	7	2022
Šekerija, M	2	2026
Sen, A	2	2016
Şen, S	2	2023
Sena, A	30	2019
Seneviratne, M	2	2018
Sengupta, S	2	2025
Seo, H	2	2026
Seo, S	14	2020
Seo, W	8	2022
Seo, Y	2	2023
Seol, S	2	2023
Serre, P	2	2020
Setoguchi, S	4	2018
Shah, K	7	2021
Shah, N	44	2013
Shahar, Y	2	2016
Shahn, Z	2	2014
Shang, N	8	2016
Shao, Y	2	2021
Sharma, D	3	2017
Shea, S	3	2020
Sheikh, A	3	2022
Sheikhalishahi, S	3	2025
Sheils, N	2	2022
Shervey, M	3	2018
Shin, D	2	2016
Shin, H	3	2021
Shin, J	3	2026
Shin, K	2	2025
Shin, S	12	2019
Shin, W	9	2020
Shin, Y	2	2023
Shoaibi, A	19	2020
Sholle, E	2	2020
Si, Y	2	2017
Siapos, A	2	2020
Siebel, J	2	2022
Sills, M	3	2025
Silverstein, J	2	2021
Simon, K	5	2023
Simpson, S	3	2013
Singh, B	2	2022
Sivesind, T	2	2022
Slaymaker, E	2	2024
Smith, D	2	2018
Smith, E	3	2024
Smith, L	2	2024
Snijder, R	3	2024
Sohn, J	2	2020
Sohrabi, K	2	2018
Solbrig, H	3	2017
Son, S	6	2020
Song, E	2	2022
Song, J	4	2021
Song, M	2	2023
Song, S	5	2020
Song, W	4	2021
Song, X	3	2021
Song, Y	2	2025
Sontag, D	3	2017
Spoden, M	3	2023
Spotnitz, M	19	2020
Spratt, H	4	2021
Stamm, T	3	2024
Stampfer, P	2	2026
Stang, P	22	2010
Steinbeisser, C	5	2022
Stephens, K	3	2020
Stewart, H	3	2021
Stewart, L	2	2021
Steyerberg, E	4	2021
Stocking, J	5	2024
Stöhr, M	2	2020
Storf, H	4	2018
Straatman, H	2	2012
Stratmann, K	2	2024
Strauss, V	7	2019
Sturkenboom, M	8	2012
Su, C	3	2018
Subbian, V	7	2021
Subirats, P	3	2024
Suchard, M	89	2013
Suh, K	2	2026
Sui, J	3	2024
Sulieman, L	2	2021
Sullivan, C	2	2024
Sun, F	2	2025
Sun, H	2	2015
Sun, J	2	2015
Sun, Y	7	2018
Sung, C	4	2021
Sung, J	2	2021
Sung, L	2	2023
Sunwoo, L	2	2024
Šuvalov, H	2	2023
Suver, C	2	2021
Swaminathan, S	3	2025
Swerdel, J	24	2017
Szuldrzynski, K	2	2024
Ta, C	11	2018
Tadrous, M	2	2022
Taghizadeh, E	2	2025
Tak, Y	3	2021
Talvik, H	3	2023
Tamm, S	3	2023
Tan, E	13	2021
Tan, H	2	2022
Tandon, N	3	2021
Tang, G	2	2025
Tang, H	4	2025
Tannier, X	2	2023
Tao, C	2	2024
Tarr, S	2	2022
Taskén, K	2	2026
Tatonetti, N	22	2014
Tavernier, B	2	2021
Taylor, A	3	2023
Taylor, B	4	2025
Taylor, R	2	2025
Tcharaktchiev, D	4	2023
Tchetgen Tchetgen, E	2	2016
Teufel, A	2	2023
Thangaraj, P	5	2019
Thangraraj, P	2	2025
Thiel, J	2	2024
Thun, S	2	2021
Thurin, N	4	2020
Tian, Y	5	2018
Tibollo, V	2	2020
Tietzova, I	3	2024
Tiwari, P	2	2020
Todd, J	6	2023
Toh, S	3	2016
Tohen, M	2	2016
Tong, J	15	2020
Topaloglu, U	4	2021
Torre, C	6	2020
Toth, E	2	2020
Toy, B	5	2024
Tran, D	3	2024
Trifirò, G	6	2012
Trinh, N	9	2023
Tsafnat, G	2	2023
Tsiknakis, M	2	2023
Tsouchnika, A	3	2022
Tsuji, S	3	2019
Turkiewicz, A	2	2022
Twagirumukiza, M	2	2015
Umbel, K	2	2020
Urwin, E	2	2022
Utidjian, L	5	2016
Uusküla, A	7	2024
Valdivieso, B	3	2024
Valentini, G	2	2022
Valveny, N	2	2021
van Baalen, V	2	2024
van Bochove, K	3	2021
van den Brand, J	2	2026
van der Lei, J	9	2012
Van der Pol, H	2	2026
Van Der Vegt, A	2	2024
Van Hemelrijck, M	4	2022
van Mulligen, E	7	2022
van Nuland, R	2	2024
Van Sandijk, S	4	2023
Van Speybroeck, M	4	2019
Van Zandt, M	12	2018
Vanguri, R	2	2016
Vashisht, R	5	2018
Vaterkowski, M	2	2023
Vawdrey, D	2	2018
Veeranki, S	2	2026
Velez, M	2	2016
Vengadeswaran, A	2	2025
Verbiest, A	3	2026
Verdy, G	2	2024
Vereijken, F	2	2026
Verhamme, K	26	2021
Verma, A	2	2025
Viernes, B	9	2019
Vilagut, G	2	2024
Vilar, S	2	2014
Vilaseca, I	2	2021
Vilo, J	5	2022
Visweswaran, S	3	2021
Vivekanantham, A	2	2021
Vizcaya, D	10	2020
Vojinovic, D	3	2024
von Kalle, C	2	2026
Voss, E	20	2014
Waitman, L	3	2020
Walbech, J	2	2022
Walden, A	6	2016
Waldman, G	2	2022
Walters, K	3	2021
Walunas, T	2	2019
Wan, E	3	2021
Wang, F	4	2019
Wang, H	3	2025
Wang, J	2	2018
Wang, L	10	2018
Wang, S	7	2016
Wang, X	3	2022
Wang, Y	9	2017
Wang, Z	3	2018
Ward, R	2	2024
Warner, J	5	2017
Weaver, J	17	2018
Weber, G	2	2020
Wei, W	7	2018
Wei, Y	2	2015
Weidner, J	4	2022
Weill, A	3	2020
Weinreb, R	3	2025
Weinstein, R	5	2016
Weiskopf, N	6	2015
Weissman, S	2	2024
Welebob, E	4	2010
Wen, A	6	2019
Wen, H	3	2020
Weng, C	36	2016
West, I	2	2020
Westlund, E	4	2024
White, R	2	2014
Wiederhold, A	2	2024
Wiest, I	2	2023
Wilcox, A	6	2020
Wiley, K	2	2019
Willemse, P	4	2024
Williams, A	24	2015
Williams, D	5	2022
Williams, J	2	2020
Williams, R	27	2019
Wolfien, M	6	2022
Wong, I	9	2015
Wong, J	3	2022
Woo, S	3	2021
Wooldridge, J	2	2021
Woong Park, R	2	2021
Wormald, J	2	2025
Wu, Q	8	2023
Wu, Y	4	2017
Xie, J	13	2020
Xie, Y	3	2018
Xiong, C	2	2026
Xu, B	4	2025
Xu, H	17	2016
Xu, Y	3	2015
Xu, Z	2	2019
Yan, Y	2	2021
Yang, C	7	2021
Yang, H	5	2024
Yang, J	5	2020
Yang, K	4	2021
Yang, Q	2	2025
Yang, S	4	2023
Yang, Y	3	2018
Yanover, C	4	2023
Yao, L	2	2019
Yi, S	5	2020
Yi, Y	2	2021
Yin, C	11	2022
Yoo, I	3	2022
Yoo, J	6	2020
Yoo, S	27	2020
Yoo, Y	4	2021
Yoon, D	3	2016
Yoon, E	3	2020
Yoon, H	3	2020
Yoon, J	6	2020
Yoon, S	4	2023
Yoon, Y	4	2023
You, S	70	2017
Young, S	2	2016
Youngerman, B	2	2022
Yu, D	7	2019
Yu, H	3	2021
Yu, S	2	2026
Yu, Y	8	2018
Yuan, C	5	2018
Yuan, Z	8	2017
Yum, Y	2	2023
Yun, J	2	2023
Zampino, E	2	2020
Zangwill, L	2	2025
Zavadska, D	3	2024
Zeger, S	2	2024
Zelko, J	2	2024
Zeng, C	2	2023
Zhan, S	3	2018
Zhang, B	11	2022
Zhang, D	9	2025
Zhang, G	5	2021
Zhang, L	23	2020
Zhang, Q	2	2022
Zhang, R	2	2020
Zhang, S	4	2017
Zhang, W	2	2022
Zhang, X	13	2018
Zhang, Y	11	2018
Zheng, J	2	2025
Zhou, J	7	2022
Zhou, T	10	2020
Zhou, X	5	2013
Zhou, Y	6	2020
Zhu, H	3	2021
Zhu, R	4	2021
Zhu, V	2	2014
Zhu, Y	2	2018
Zhuk, A	3	2025
Zhuk, O	2	2020
Zoch, M	15	2021
Zong, N	4	2020
Zorych, I	5	2013
Zozus, M	5	2015
Zuo, X	2	2020
Zvirbulis, V	3	2024
